id,first_name,last_name,email,ssn,phone,address,created_at
1,Danielle,Johnson,john21@example.net,759-70-1425,001-260-501-3389,"79402 Peterson Drives Apt. 511, Davisstad, PA 35172",2025-07-31 13:35:19
2,Lindsay,Blair,dudleynicholas@example.net,301-81-5926,001-831-603-4131,"55341 Amanda Gardens Apt. 764, Lake Mark, WI 07832",2026-01-24 13:35:19
3,Jeremy,Johnson,richard13@example.net,898-92-5156,676.872.4238,"PSC 6532, Box 8710, APO AE 20534",2024-08-30 13:35:19
4,Courtney,Conner,ycarlson@example.com,611-60-8670,280-618-4514x627,"Unit 2814 Box 8932, DPO AA 21675",2024-10-31 13:35:19
5,Amber,Osborne,georgetracy@example.org,372-40-3924,4399117182,"USNS Baker, FPO AP 55962",2024-12-14 13:35:19
6,Tamara,Hickman,jenniferross@example.net,667-48-7178,371.233.1509x83930,"1834 Lewis Curve, Sanchezfort, AS 53855",2025-06-04 13:35:19
7,James,Davis,agomez@example.com,885-94-0888,+1-610-965-1333x87262,"8108 Tanya Terrace, East Richard, NJ 28517",2025-08-19 13:35:19
8,Michelle,Barrera,nicholasgalloway@example.com,803-59-4674,(987)423-4309x80500,"19136 Shelly Port, New Brooke, RI 11246",2025-09-19 13:35:19
9,Robert,Silva,sarah35@example.org,272-51-2145,+1-647-451-0799x11838,"USS Suarez, FPO AA 37854",2023-11-03 13:35:19
10,Eric,Bass,cheryl80@example.net,837-71-4906,+1-612-941-1824x49353,"64005 Dana Greens, Lake Scott, VT 56558",2026-01-10 13:35:19
11,Ann,Rodriguez,amydavenport@example.net,566-19-7042,(704)850-5331,"Unit 2322 Box 6025, DPO AA 88307",2026-01-14 13:35:19
12,Michelle,Cochran,erik16@example.org,880-61-3645,775.643.3036,"8685 Darrell Green Apt. 940, New Ryanmouth, NE 79958",2025-09-06 13:35:19
13,Tracey,Wilson,jonathanfletcher@example.org,533-69-3229,(861)659-5148x465,"6299 Sullivan Village, West Justinchester, WY 76520",2024-12-24 13:35:19
14,Catherine,Morris,nramos@example.net,485-95-2781,+1-514-989-5134x33200,"6936 Ross Drive, Port Michelleville, WI 56225",2024-11-25 13:35:19
15,Jeffery,Brock,pwilliams@example.org,468-18-7613,+1-688-595-7986x87277,"734 Jones Heights Apt. 455, East Edwardfurt, UT 20529",2023-05-17 13:35:19
16,Jasmine,Brown,drivera@example.com,064-27-6884,(590)996-7054x6688,"0656 Mary Crossroad Apt. 699, North Dawnberg, VI 61016",2026-01-21 13:35:19
17,Hunter,Green,jason55@example.com,285-97-6907,517-208-0531x003,"71937 Wang Expressway, Port Loriport, CT 76350",2025-02-02 13:35:19
18,Anthony,Collins,tsanders@example.org,078-76-3979,749-319-0586,"67165 Zimmerman Mews Apt. 849, Marshallshire, KY 42746",2023-11-08 13:35:19
19,Melissa,Rivas,ramirezshannon@example.com,584-79-6210,207-552-7354x54948,"8377 Mcguire Course Suite 363, Elizabethstad, NJ 73045",2024-12-20 13:35:19
20,Alyssa,Coleman,michael74@example.com,258-30-1977,001-635-318-2337x4989,"52408 Joshua Center Suite 271, New Justinfort, NV 45158",2023-09-09 13:35:19
21,Jack,Williams,ewilson@example.com,504-10-9454,+1-502-829-4131x8699,"9649 Chelsea Streets Apt. 334, East Johnside, CA 21018",2024-08-24 13:35:19
22,Aaron,Hayes,ocarter@example.com,724-37-7439,434-693-6183,"24994 Martinez Spurs, Hollyview, NY 71277",2026-03-03 13:35:19
23,Troy,Miller,prestonjessica@example.net,257-04-1497,999.604.9027,"717 Ortiz Islands Apt. 256, Robertsfurt, GU 72603",2025-04-24 13:35:19
24,Benjamin,Miller,marcus68@example.org,674-70-7570,(903)985-9770x34824,"248 Andrea Course, Port Robin, NH 15897",2023-11-02 13:35:19
25,Deborah,Moore,william46@example.com,484-32-7484,+1-826-739-8214,"USNV Hoover, FPO AA 95665",2024-04-19 13:35:19
26,Kenneth,Matthews,cgrimes@example.net,496-45-5447,+1-586-875-3396,"662 Hanna Crossroad Suite 171, Smithberg, MT 86324",2024-08-24 13:35:19
27,Tara,Jones,matthew61@example.com,873-87-8743,(357)980-9134x3161,"05045 Jordan Gardens Suite 922, North Chelsea, MS 81727",2025-05-02 13:35:19
28,Felicia,Jimenez,jesselittle@example.com,262-86-0154,648.521.7594x647,"Unit 7136 Box 9594, DPO AP 39197",2024-12-31 13:35:19
29,Andrew,Greer,khill@example.net,797-96-0804,+1-274-639-5339x421,"521 Murphy Mall, East David, ND 48454",2024-04-26 13:35:19
30,Alyssa,Mcintyre,jonathansummers@example.com,826-38-5550,871-223-6851,"5496 Rodriguez Fort, Johnsonside, MD 80465",2025-08-19 13:35:19
31,Jeffrey,Brown,tblankenship@example.net,419-15-2291,8049711382,"261 Gilbert Harbors Apt. 537, Sampsonstad, CT 90374",2025-09-08 13:35:19
32,Michael,Winters,bruce43@example.org,869-59-1502,+1-539-500-5329x31839,"042 Amber Union, North Donna, AK 17776",2024-01-28 13:35:19
33,Alexis,Tyler,briannasmith@example.com,054-17-6898,611.977.5891x78390,"76617 Jones Common, Charleneland, DC 36547",2025-08-30 13:35:19
34,Claudia,Richards,oscar98@example.com,465-65-9920,(711)883-6736x57661,"2711 Christopher Court Suite 280, Elizabethchester, MI 87708",2024-03-11 13:35:19
35,Shelley,Henderson,schmittcaroline@example.com,107-74-8314,627.531.5851,"402 Park Inlet, Michaelburgh, VI 19277",2024-04-11 13:35:19
36,Ashley,Morales,joycebonilla@example.org,765-68-3525,(467)252-5459x9102,"6797 Nelson Throughway Apt. 561, Erikashire, NM 69567",2024-09-21 13:35:19
37,Elizabeth,Williams,djoyce@example.org,210-39-3461,001-724-345-1076x22683,"0715 Berry Station, Robertsfurt, AK 43069",2025-12-18 13:35:19
38,George,Meza,xcollier@example.org,448-14-3987,(596)781-6453x52181,"12432 Kathleen Shoal, East Stephaniefort, NH 99387",2023-08-19 13:35:19
39,Anne,Riley,michelle52@example.com,070-61-7246,+1-744-690-5814x7700,"986 Carpenter Turnpike, South Reginashire, SD 25173",2025-07-04 13:35:19
40,Marc,Alvarez,susanhayes@example.com,732-11-8267,+1-820-837-7889x2554,"515 Angela Lights, Johnathanberg, MA 11183",2024-01-31 13:35:19
41,Brandi,Thomas,kyle62@example.net,726-11-5073,+1-265-728-1685,"7332 Chris Vista, New Kellihaven, AZ 87261",2025-10-06 13:35:19
42,Matthew,Miranda,carlamoore@example.org,852-89-2713,001-670-965-3794x7383,"PSC 3597, Box 7468, APO AP 55375",2024-07-24 13:35:19
43,Tammy,Montoya,moniquewilliams@example.com,896-48-9086,481-841-2478,"5060 Shaw Freeway, Vangstad, IN 04195",2024-03-06 13:35:19
44,Lucas,Garcia,lacey20@example.com,850-61-2274,001-377-690-1043x28986,"36971 Mary Parks, Lake Zacharybury, VT 19319",2025-02-16 13:35:19
45,Kelly,Smith,john62@example.net,685-11-8577,(718)688-8806x706,"53195 Bradley Plains Suite 277, Port Dennis, VT 60489",2025-10-25 13:35:19
46,Benjamin,Harris,ninastewart@example.com,528-51-8898,940.834.5054x1566,"7584 Jessica Common, Morrisonburgh, ND 39005",2025-12-13 13:35:19
47,Manuel,Miller,kirk96@example.org,707-57-5760,205.496.4016x582,"21355 Herring Bypass Apt. 755, Hinesshire, DC 69898",2024-12-05 13:35:19
48,Michael,Edwards,john10@example.net,191-64-8483,(381)944-7394x7312,"55188 Vance Vista Apt. 258, North Tracie, WY 18703",2024-08-01 13:35:19
49,Joel,Snyder,angela57@example.net,133-79-1413,446-778-6691,"8528 Katrina Curve Suite 801, West Fred, MD 93474",2025-10-04 13:35:19
50,Jeremiah,Meza,meghan43@example.net,565-36-2051,+1-749-281-8299x2299,"09439 Montgomery Burgs, Smallside, LA 84637",2024-11-25 13:35:19
51,Sue,Webb,eevans@example.net,062-21-7203,(377)735-9255x56258,"7321 Kelly Lights, Wrightburgh, GU 43418",2025-08-22 13:35:19
52,Sarah,Griffith,kathrynjimenez@example.net,479-64-5056,901.968.7339x5004,"62456 Williams Center, West Angela, CA 51140",2024-01-28 13:35:19
53,William,Duran,marcia99@example.org,132-13-6454,(258)452-3986x800,"729 Mark Ridge Suite 269, Brittneyhaven, MP 67310",2024-08-24 13:35:19
54,Amanda,Erickson,thomas05@example.com,690-15-6825,001-240-997-4993,"30913 Scott Manor Apt. 636, Salaston, VT 18599",2023-08-31 13:35:19
55,April,Hoffman,ufox@example.org,471-69-5609,+1-654-597-3348,"USNV Wise, FPO AP 27669",2024-02-28 13:35:19
56,Hannah,Burns,ybailey@example.net,281-37-1997,001-386-765-2404,"PSC 4733, Box 8484, APO AE 14817",2025-04-17 13:35:19
57,Christina,Matthews,brentstein@example.org,654-30-0861,865-971-2082,"5401 Amanda Stream, East Robertburgh, PW 05264",2024-02-17 13:35:19
58,Wendy,Sanders,vlopez@example.com,898-05-0152,699-515-4788x7287,"74205 Bradley Throughway Apt. 296, Robertsonland, MO 88221",2024-03-19 13:35:19
59,Cody,Holden,pmorris@example.org,268-50-3859,945.649.9045x301,"145 Jeffrey Dale Suite 279, Robertside, PW 62213",2025-01-11 13:35:19
60,Katherine,Pham,kathleenbecker@example.net,895-11-8610,485.419.1088x398,"39718 Stokes Motorway Apt. 867, New Stevenport, VA 03354",2024-09-16 13:35:19
61,Randy,Velasquez,bethwilliams@example.com,718-09-8867,7178046226,"1825 Gregory Plain Suite 823, Port Andrewport, NH 88777",2025-10-21 13:35:19
62,Jennifer,Coleman,pmorrow@example.com,355-20-4517,310.269.0331,"06738 Karen Trail, East Williamport, IN 96382",2025-03-31 13:35:19
63,Barbara,Ray,joel28@example.org,424-39-4509,8897268705,"46287 Melissa Hills Apt. 708, Faulknerside, NC 18076",2023-03-19 13:35:19
64,Paul,Scott,deborah75@example.org,549-93-3121,5469990139,"0331 Rocha Square Apt. 638, Kimberlyfurt, NH 70447",2024-10-31 13:35:19
65,Deborah,Parker,william77@example.org,823-93-7693,001-853-655-6093x20489,"69378 Scott View Suite 772, Garyside, NM 24624",2025-04-16 13:35:19
66,Sabrina,Weaver,warrenmary@example.org,838-86-0795,001-906-923-1203x87509,"08484 Wayne Square Suite 211, East James, NC 33585",2023-08-13 13:35:19
67,Lisa,Adams,zmiller@example.com,579-32-3701,910-816-6687x0021,"180 Jason Ways Suite 401, Rachelshire, TN 04813",2024-01-29 13:35:19
68,Harry,Jefferson,alibrenda@example.net,841-51-1261,229-339-6856x2185,"9996 Johnson Groves, Henrystad, OH 49708",2024-09-10 13:35:19
69,Ryan,Frazier,nmiller@example.com,818-32-1205,342-262-6551,"USCGC Ward, FPO AA 13900",2024-12-22 13:35:19
70,David,Lopez,ghawkins@example.com,106-04-1469,(581)499-5604x661,"44472 Gary Harbor, Evansland, MN 33491",2024-05-21 13:35:19
71,Sheryl,Le,mwheeler@example.com,110-18-4992,4656965756,"5265 Navarro Roads, Faulknerbury, MD 49791",2025-11-22 13:35:19
72,Juan,Hartman,daniel93@example.net,559-24-9013,6735741672,"661 Ewing Neck, Fergusonchester, ND 05319",2024-12-02 13:35:19
73,Krystal,Ward,rodriguezjohn@example.net,364-22-0726,001-565-961-0143,"982 Cuevas Orchard Apt. 461, Port Sheliaberg, MI 41381",2026-01-10 13:35:19
74,Matthew,Mueller,gbailey@example.com,740-90-7413,714-801-0512x38282,"USNS Salinas, FPO AP 24677",2024-06-08 13:35:19
75,Jacob,Sandoval,njohnson@example.org,461-76-7038,(903)334-1918x2553,"596 Matthews Keys Suite 792, Samanthashire, CO 88595",2023-12-16 13:35:19
76,Dennis,Wilson,daryl52@example.net,398-54-9772,(496)962-7828,"7905 Todd Fields, Maynardhaven, SD 65377",2024-09-14 13:35:19
77,Robert,Vasquez,fburns@example.net,032-98-3614,304-638-4279x7881,"078 Veronica Cove Apt. 407, Michaelland, NV 15887",2025-11-01 13:35:19
78,Kimberly,Young,michelle96@example.org,631-18-3386,709.658.4982,"126 Victoria Way Apt. 232, Mariafurt, NM 19135",2025-01-08 13:35:19
79,Barbara,Adams,ebrooks@example.net,814-99-1526,(884)557-7590x1751,"Unit 3745 Box 4589, DPO AE 74706",2024-06-10 13:35:19
80,Melissa,Kramer,williamsconnie@example.com,017-16-2589,370.763.2424x154,"64361 Aaron Neck, East Brittneyhaven, TX 58836",2025-01-05 13:35:19
81,Albert,Dominguez,mcneilrobert@example.org,490-10-3752,(211)415-5426x2218,"269 Heath Corners, East Karenshire, VA 50836",2023-05-29 13:35:19
82,Michael,Jordan,johnnewman@example.org,567-77-9831,001-594-904-3898x3640,"9180 Peck Curve, Valenciashire, MT 48396",2023-12-27 13:35:19
83,Amy,Thompson,xbest@example.org,018-76-1107,8438006848,"889 Joshua Inlet, New Samanthaberg, ND 43328",2023-08-20 13:35:19
84,Peter,Walters,collinssamuel@example.org,060-32-1413,(717)699-0421x02027,"410 Roman Groves, West Jennifershire, SC 10602",2025-05-28 13:35:19
85,Tyler,Dixon,porterashley@example.com,162-33-1686,001-913-780-0030,"08635 Robert Stravenue, Josephland, OK 49365",2024-09-20 13:35:19
86,David,Nunez,whitelinda@example.org,411-09-7621,545-918-7053x4949,"83206 Jesse Key Apt. 506, Daltonhaven, IA 55527",2025-06-04 13:35:19
87,Travis,Brown,jenniferdavis@example.org,866-67-6768,001-257-819-1826x199,"44565 Chavez Fort, East Derekshire, CT 20870",2024-10-27 13:35:19
88,Daniel,Cole,richard85@example.org,463-40-7592,711-824-9035x213,"2067 Cody Cove Apt. 100, East James, MO 49291",2024-09-24 13:35:19
89,Gina,Pace,aguilarjonathan@example.org,023-09-3240,+1-972-215-1070x2966,"53244 Stephenson Bypass Apt. 476, Brownview, MS 18488",2023-10-21 13:35:19
90,Robert,Day,crystalpham@example.org,392-92-5884,587.259.8564x2059,"PSC 4078, Box 5932, APO AE 32988",2023-12-20 13:35:19
91,Diane,Adams,gallagherstacie@example.net,867-50-5814,(423)595-5905,"427 Christopher Fort Apt. 087, West Samanthaborough, AS 17604",2024-03-05 13:35:19
92,Matthew,Thompson,brian29@example.net,146-15-8623,(915)769-1545x226,"92644 Gregory Alley Suite 902, Samanthabury, SC 74628",2024-12-22 13:35:19
93,Dalton,Crawford,julie35@example.com,172-82-1454,001-257-804-3315x410,"67658 Garcia Neck Apt. 271, West Andrewview, CT 10226",2025-06-06 13:35:19
94,Matthew,Barron,jessicapayne@example.org,347-77-7910,001-806-629-6201x533,"10698 Hernandez Lake Apt. 614, Gonzaleztown, IL 22892",2023-05-08 13:35:19
95,Danielle,Rowland,tanthony@example.com,483-63-4342,286-625-6527,"49021 Elizabeth Valley Suite 938, Port Paulhaven, MT 70691",2023-06-10 13:35:19
96,Gloria,Mayer,thomasmiller@example.net,036-65-9359,899.521.7223x32061,"Unit 2945 Box 1168, DPO AA 72859",2025-09-11 13:35:19
97,Mark,Hill,astark@example.net,639-76-8562,(716)822-9991x19148,"970 Joshua Divide Suite 065, North Julie, PW 35704",2025-12-10 13:35:19
98,Penny,Smith,larry71@example.org,138-39-7260,001-454-369-1373x67850,"89023 Mary Gateway Apt. 705, West Micheal, NH 66708",2025-08-04 13:35:19
99,Randy,Leblanc,allentracy@example.com,182-61-9616,+1-255-424-1406,"33468 Michelle Trafficway, South Rhondaburgh, PA 01610",2025-05-07 13:35:19
100,Jeffrey,Franklin,jennifer46@example.com,873-45-7521,637-648-9691x085,"54544 Lopez Path Apt. 096, Erintown, SD 65692",2025-04-23 13:35:19
